{
	"class_name" : "PinholeCameraParameters",
	"extrinsic" : 
	[
		-0.49576102716669113,
		0.73341079754888405,
		-0.46511246594919103,
		0.0,
		0.43954270346241969,
		0.67379762211930183,
		0.59396883441753245,
		0.0,
		0.7490148301439532,
		0.09002980875845816,
		-0.65640796594750483,
		0.0,
		1.1532732419706173,
		-0.013063489315022575,
		-1.3014329146052859,
		1.0
	],
	"intrinsic" : 
	{
		"height" : 1017,
		"intrinsic_matrix" : 
		[
			880.74783564877418,
			0.0,
			0.0,
			0.0,
			880.74783564877418,
			0.0,
			959.5,
			508.0,
			1.0
		],
		"width" : 1920
	},
	"version_major" : 1,
	"version_minor" : 0
}