{
	"class_name" : "PinholeCameraParameters",
	"extrinsic" : 
	[
		-0.53089789238303431,
		0.82707962894350751,
		-0.18462587914461531,
		0.0,
		0.84743531860002308,
		0.51791377266093541,
		-0.1166992068413253,
		0.0,
		-0.00089925109369533296,
		-0.21841385366955779,
		-0.97585581920316677,
		0.0,
		-0.13205601031880235,
		0.47284204521401985,
		9.4219203449150513,
		1.0
	],
	"intrinsic" : 
	{
		"height" : 1017,
		"intrinsic_matrix" : 
		[
			880.74783564877418,
			0.0,
			0.0,
			0.0,
			880.74783564877418,
			0.0,
			959.5,
			508.0,
			1.0
		],
		"width" : 1920
	},
	"version_major" : 1,
	"version_minor" : 0
}